timestamp,workload_type,matrix_size,iterations,gpu_time_ms,gflops,memory_bandwidth_gb_s,memory_utilization,gpu_name,session_id
2025-07-08T12:15:02Z,matrix_multiplication,1024,10,15.5,1234.5,890.2,75.0,NVIDIA RTX 4090,baseline_session_1
2025-07-08T12:15:03Z,matrix_multiplication,2048,10,62.3,2345.6,920.5,80.0,NVIDIA RTX 4090,baseline_session_1
2025-07-08T12:15:04Z,matrix_multiplication,4096,10,245.7,4567.8,950.3,85.0,NVIDIA RTX 4090,baseline_session_1
2025-07-08T12:15:05Z,convolution_2d,512,10,22.1,890.4,780.2,70.0,NVIDIA RTX 4090,baseline_session_2
2025-07-08T12:15:06Z,convolution_2d,1024,10,88.5,1890.7,820.5,75.0,NVIDIA RTX 4090,baseline_session_2
2025-07-08T12:15:07Z,convolution_2d,2048,10,354.2,3780.9,860.8,80.0,NVIDIA RTX 4090,baseline_session_2
